ao_link,lat,lon,name,ao_description
https://www.atlasobscura.com/places/ancient-stepwells-india,27.007252,76.606486,"
Chand Baori
","
Thousands of exquisitely carved stone water storage wells, hundreds of stone steps fill this exquisite medieval stepwell.
"
https://www.atlasobscura.com/places/hawa-mahal-palace-of-winds,26.912417,75.787288,"
Hawa Mahal (Palace of Winds)
","
The 953 windows undoubtedly make this the world's most beautiful screened porch.
"
https://www.atlasobscura.com/places/root-bridges-cherrapungee,25.21863,91.66264,"
The Root Bridges of Cherrapunji
","
Centuries-old bridges grown from tangled roots.
"
https://www.atlasobscura.com/places/skeleton-lake-of-roopkund-india,30.262,79.732,"
Skeletons of Roopkund Lake 
","
A lake with hundreds of ancient skeletons surrounding it. The surprise is what killed them.
"
https://www.atlasobscura.com/places/jal-mahal,26.9537,75.8463,"
Jal Mahal
","
More than half of this Indian palace is drowned but it looks all the more spectacular for it.
"
https://www.atlasobscura.com/places/the-blue-city-of-jodhpur-jodhpur-india,26.302331,73.052334,"
The Blue City of Jodhpur
","
Once an indicator of social class, the color blue has come to define this city on the edge of the Thar Desert.
"
https://www.atlasobscura.com/places/ellora-caves,20.022941,75.179162,"
Ellora Caves
","
This complex of vertically-excavated Buddhist, Jain, and Hindu monolithic temples in India's Maharashtra providence illustrates a spirit of tolerance characteristic of ancient India.
"
https://www.atlasobscura.com/places/shatrunjaya-hill,21.483038,71.794689,"
Shatrunjaya Hill 
","
A mecca for India's Jains.
"
https://www.atlasobscura.com/places/mahabat-maqbara,21.527222,70.46,"
Mahabat Maqbara
","
This otherworldly palace-mausoleum complex is the stuff eternal dreams are made of.
"
https://www.atlasobscura.com/places/great-wall-india,25.14732,73.583358,"
The Great Wall of India
","
The second-longest continuous wall on the planet protects a hidden secret in the deserts of India.
"
https://www.atlasobscura.com/places/hampi,15.335371,76.458778,"
Hampi
","
The remains of what was, not so long ago, the world's largest city.
"
https://www.atlasobscura.com/places/temple-of-galtaji-at-galwar-bagh-hanuman-s-temple,26.916805,75.858944,"
Hanuman’s Temple
","
Sacred Indian temple that’s all monkey business.
"
https://www.atlasobscura.com/places/nek-chand-saini,30.752869,76.806499,"
Nek Chand Saini's Rock Garden
","
A palatial sculpture park was built illegally and in secret by a self-taught artist over 36 years.
"
https://www.atlasobscura.com/places/jantar-mantar,26.924567,75.824203,"
Jantar Mantar
","
The world's second-largest sundial, made entirely out of stone.
"
https://www.atlasobscura.com/places/ajanta-caves,20.532932,75.750231,"
Ajanta Caves
","
Rock-cut cave complex filled with ancient Buddhist artwork.
"
https://www.atlasobscura.com/places/great-banyan-tree,22.561431,88.292077,"
Great Banyan Tree
","
A single tree's 2,800 aerial roots give the appearance of a complete forest.
"
https://www.atlasobscura.com/places/golden-temple,31.61998,74.876485,"
Golden Temple
","
This peaceful Sikh gurudwara serves around 50,000 free meals every day within its gilded walls.
"
https://www.atlasobscura.com/places/agrasen-ki-baoli,28.626042,77.225,"
Agrasen ki Baoli
","
A startling, centuries-old subterranean marvel hides in plain sight.
"
https://www.atlasobscura.com/places/rani-ki-vav,23.858904,72.101837,"
Rani Ki Vav
","
This magnificent stepwell is designed as an inverted temple and adorned with 1,500 sculptures.
"
https://www.atlasobscura.com/places/elephanta-caves,18.963341,72.931636,"
Elephanta Caves
","
An extraordinary ""City of Caves"" carved from solid stone.
"
https://www.atlasobscura.com/places/bahai-lotus-temple,28.553492,77.258826,"
Bahá'í Lotus Temple
","
A blooming house of worship for the masses.
"
https://www.atlasobscura.com/places/hill-forts-of-rajasthan,24.883475,74.646056,"
Hill Forts of Rajasthan
","
A complex of six forts embedded in the Rajasthan hills.
"
https://www.atlasobscura.com/places/meenakshi-amman-temples,9.9195,78.1193,"
Meenakshi Amman Temple
","
This ancient Hindu temple is covered in thousands of colorful statues and has a long mythological history.
"
https://www.atlasobscura.com/places/bhangarh-fort,27.094701,76.290604,"
Bhangarh Fort
","
This abandoned fort is said to be the most haunted place in India, so much so that entry is prohibited after sunset.
"
https://www.atlasobscura.com/places/indian-giant-malabar-squirrel,19.054492,73.517273,"
India's Giant Technicolor Squirrels 
","
These particularly resplendent rodents are the state animal of Maharashtra.
"
https://www.atlasobscura.com/places/key-monastery,32.297733,78.011992,"
Key Monastery 
","
This hilltop warren of monastic dwellings is the result of centuries worth of Mongol attacks.
"
https://www.atlasobscura.com/places/mahila-baag-jhalra,26.296556,73.025278,"
Mahila Baag Jhalra
","
Hidden in the shadow of a rocky fortress is one concubine’s long-forgotten legacy.
"
https://www.atlasobscura.com/places/chittorgarh-fort,24.886806,74.644731,"
Chittorgarh Fort
","
A former bastion of Rajput chivalry, this massive hill fort is the site of legend and tragedy.
"
https://www.atlasobscura.com/places/auroville,12.006944,79.810556,"
Auroville
","
This experimental utopian ""city of the future"" in rural India may hold a dark secret.
"
https://www.atlasobscura.com/places/the-majestic-mysore-palace-mysore-india,12.30514,76.655146,"
Mysore Palace
","
Modest by day, illuminated majestically at sunset.
"
https://www.atlasobscura.com/places/cafe-lota,28.61367,77.242581,"
Cafe Lota
","
Nestled among the artifacts of the National Crafts Museum, this hidden gem offers hard-to-find regional foods from all over India.
"
https://www.atlasobscura.com/places/mayong-the-land-of-black-magic,26.261022,92.040782,"
Mayong - The Land of Black Magic
","
The Indian capital of black magic and witchcraft.
"
https://www.atlasobscura.com/places/kalavantin-durg,18.982935,73.219847,"
Kalavantin Durg
","
A centuries-old lookout post still sits atop a natural stone spire.
"
https://www.atlasobscura.com/places/temples-of-kahurajo,24.842321,79.92463,"
Temples of Khajuraho
","
Temples adorned with intricate, erotic sculptures make up one of the ""seven wonders"" of India.
"
https://www.atlasobscura.com/places/mehrangarh-fort,26.298074,73.018407,"
Mehrangarh Fort
","
This stunning 15th-century royal hill fort preserves the age of chivalry in Rajasthan.
"
https://www.atlasobscura.com/places/south-park-street-cemetery,22.545811,88.360592,"
South Park Street Cemetery
","
An eclectic mix of influences rot together in harmony in this India necropolis.
"
https://www.atlasobscura.com/places/stepped-tanks-pushkarani-hampi,15.330675,76.462555,"
Stepped Tanks of Hampi
","
The ancient water tanks remain some of the ruined city’s most beautiful architecture.
"
https://www.atlasobscura.com/places/college-street,22.576014,88.364466,"
College Street
","
The world's largest secondhand book market is a haven for bibliophiles and bargain hunters.
"
https://www.atlasobscura.com/places/nagarjunsagar-srisailam-tiger-reserve,16.3,78.983333,"
Nagarjunsagar-Srisailam Tiger Reserve
","
The largest tiger reserve in India is a vast expanse dotted with ancient ruins of Nagarjuna Viswa Vidyalayam.
"
https://www.atlasobscura.com/places/jaisalmer-fort,26.912768,70.913068,"
Jaisalmer Fort
","
The oldest still-inhabited hill fort in India looks like a magnificent golden sandcastle.
"
https://www.atlasobscura.com/places/nahoum-sons-kolkata-jewish-bakery,22.560069,88.352468,"
Nahoum and Sons
","
This Jewish bakery, among the last in the region, sells legendary sweets from a century-old storefront.
"
https://www.atlasobscura.com/places/murud-janjira-fort,18.300239,72.964134,"
Murud Janjira fort 
","
A nearly unconquerable island-fort in the Indian Ocean.
"
https://www.atlasobscura.com/places/sunderwala-burj,28.596874,77.245339,"
 Sunderwala Burj
","
This beautiful 16th-century necropolis marks an astonishing feat in heritage conservation.
"
https://www.atlasobscura.com/places/ruins-mandu,22.327137,75.405337,"
Ruins of Mandu
","
A centuries-old fortress city lies in ruin.
"
https://www.atlasobscura.com/places/karni-mata-temple,27.790933,73.340677,"
Karni Mata Temple
","
Deep in the Thar desert, a temple crawling with thousands of holy rats.
"
https://www.atlasobscura.com/places/adalaj-ni-vav,23.166718,72.580088,"
Adalaj Ni Vav
","
A deeply beautiful 15th-century stepwell with a tragic story.
"
https://www.atlasobscura.com/places/sun-temple-modhera,23.583495,72.132967,"
Modhera Sun Temple
","
An architectural marvel that dates back to the zenith of Indian architecture.
"
https://www.atlasobscura.com/places/ranthambore-fort,26.021261,76.45208,"
Ranthambore Fort
","
The evocative ruins of a 1,000-year-old hill fort lie within a popular tiger reserve.
"
https://www.atlasobscura.com/places/gol-gumbaz,16.830262,75.736115,"
Gol Gumbaz
","
This 17th-century mausoleum is topped with an acoustic marvel.
"
https://www.atlasobscura.com/places/neemrana-baori,27.999908,76.3825,"
Neemrana Baori
","
This abandoned stepwell is one of the largest, deepest, and certainly one of the creepiest in India.
"
https://www.atlasobscura.com/places/fatehpur-sikri,27.094529,77.667929,"
Fatehpur Sikri
","
An imperial fortress city that incorporated cultural elements from the entire Mughal empire, only to be abandoned the year it was finished.
"
https://www.atlasobscura.com/places/kolukkumalai-tea-estate,10.084667,77.061493,"
Kolukkumalai Tea Estate
","
At 8,000 feet, the world's highest tea estate draws visitors for both its products and its panoramic views.
"
https://www.atlasobscura.com/places/kapaleeshwarar-temple,13.033634,80.26801,"
Kapaleeshwarar Temple
","
The painted and decorated towers of this Hindu shrine were once the tallest structures in one of the oldest cities in India.
"
https://www.atlasobscura.com/places/mahakali-caves,19.128904,72.87159,"
Mahakali Caves
","
Nineteen ancient rock-cut Buddhist caves can be found on the outskirts of Mumbai.
"
https://www.atlasobscura.com/places/khari-baoli-rooftop,28.65678,77.221898,"
Khari Baoli Rooftop
","
The roof of one of the world’s largest spice markets provides a grand view over the neighborhood's glorious bustle.
"
https://www.atlasobscura.com/places/iron-pillar-delhi,28.524786,77.184964,"
Iron Pillar of Delhi
","
An ancient iron pillar in Delhi that seems to be rustproof.
"
https://www.atlasobscura.com/places/ross-island,11.672353,92.754338,"
Netaji Shubash Chandra Bose Island
","
An abandoned settlement originally established by British colonialists in the Andaman archipelago.
"
https://www.atlasobscura.com/places/sati-handprints,26.28161,73.023163,"
Sati Handprints
","
Fifteen Jodhpur queens left their handprints before going to their fiery death.
"
https://www.atlasobscura.com/places/bodh-gaya,24.695546,84.991505,"
Mahabodhi Temple
","
Siddhartha Gautama sat here and received enlightenment.
"
https://www.atlasobscura.com/places/bara-imambara,26.868935,80.912695,"
Bara Imambara
","
This magnificent 18th-century hall consists of a maze of nearly a thousand interconnected passages.
"
https://www.atlasobscura.com/places/kasol-little-israel-in-the-himalayas,32.009999,77.314963,"
Kasol: Little Israel of the Himalayas
","
Remote town home to Himachalis, Israelis, and tons of hashish.
"
https://www.atlasobscura.com/places/gandhi-smriti,28.602013,77.215262,"
Gandhi Smriti
","
Time has stopped at the house where Gandhi died.
"
https://www.atlasobscura.com/places/sulabh-museum-of-toilets,28.598001,77.081392,"
Sulabh Museum of Toilets
","
Made by a man on a worldwide sanitation crusade.
"
https://www.atlasobscura.com/places/guru-sweet-mart-mysore-pak,12.309836,76.652598,"
Guru Sweet Mart 
","
At this sweet shop, the descendants of a royal chef serve up the fudge-like dessert his ancestor invented for a king.
"
https://www.atlasobscura.com/places/masrur-temple,32.072875,76.137204,"
Masrur Temple
","
15 monolithic temples emulate an eroding sand castle.
"
https://www.atlasobscura.com/places/sheroes-hangout,27.160171,78.053707,"
Sheroes' Hangout 
","
This small cafe aims to empower acid attack victims and stop violence against women in India.
"
https://www.atlasobscura.com/places/anjuna-flea-market,15.572302,73.742372,"
Anjuna Flea Market
","
This weekly bazaar started in the 1960s as a way for hippie travelers to barter their goods.
"
https://www.atlasobscura.com/places/panna-meena-kund,26.991105,75.851229,"
Panna Meena ka Kund
","
The beautiful 16th-century stepwell lies in the shadow of a famous fortress.
"
https://www.atlasobscura.com/places/bull-surfing-in-kerala,10.514388,76.641271,"
Bull Surfing in Kerala
","
Bold contestants slide in a rice paddy behind two charging bulls.
"
https://www.atlasobscura.com/places/cenotaphs-of-orchha,25.345223,78.638236,"
Cenotaphs of Orchha
","
These medieval funerary monuments are now home to a colony of critically endangered vultures.
"
https://www.atlasobscura.com/places/maharishi-mahesh-yogi-ashram,30.112435,78.311171,"
Maharishi Mahesh Yogi Ashram
","
The abandoned site of the Beatles spiritual awakening and subsequent revolt.
"
https://www.atlasobscura.com/places/bibi-ka-maqbara,19.90146,75.320222,"
Bibi Ka Maqbara
","
Half-size replica of the Taj Mahal.
"
https://www.atlasobscura.com/places/india-coffee-house-connaught-place,28.630795,77.216006,"
Indian Coffee House, Connaught Place
","
A favorite haunt of Delhi's politicos and intellectuals, this old-school coffee shop was shut down under Indira Gandhi's Emergency.
"
https://www.atlasobscura.com/places/yamuna-ghat,28.664161,77.23948,"
Yamuna Ghat
","
Ancient traditions and surreal birdwatching come into sharp relief along one of the world's most polluted rivers.
"
https://www.atlasobscura.com/places/pushkar-brahma-temple,26.487359,74.54883,"
Pushkar Brahma Temple 
","
There are millions of temples in India, but only one prominent temple dedicated to the Hindu creator god.
"
https://www.atlasobscura.com/places/lodhi-art-district,28.586249,77.225211,"
Lodhi Art District
","
India's first open-air public art district sits in the heart of the country's capital.
"
https://www.atlasobscura.com/places/chausath-yogini-temple-of-mitaoli,26.436896,78.235166,"
Chausath Yogini Temple
","
This ancient goddess temple inspired the design of India’s Parliament House.
"
https://www.atlasobscura.com/places/amber-fort,26.985487,75.851345,"
Amber Fort
","
This opulent 16th-century Maharaja’s palace is a unique mix of Hindu and Muslim designs.
"
https://www.atlasobscura.com/places/adiyogi-shiva-statue,10.978181,76.736371,"
The Adiyogi Shiva Statue
","
The world's largest bust sculpture celebrates the Hindu deity, Shiva.
"
https://www.atlasobscura.com/places/thimmamma-marrimanu,14.028037,78.325079,"
Thimmamma Marrimanu
","
The world's largest banyan tree is followed by a community of worshippers.
"
https://www.atlasobscura.com/places/jagannath-temple,19.804814,85.81765,"
Jagannath Temple
","
This 11th-century temple gave rise to the word ""juggernaut,"" as well as some mysteries that defy scientific explanation.
"
https://www.atlasobscura.com/places/neuropathology-brain-museum,12.94047,77.598779,"
Neuropathology Brain Museum
","
India’s only Brain Museum displays over 200 fascinating ways that your brain might kill you.
"
https://www.atlasobscura.com/places/ratneshwar-mahadev-temple,25.311482,83.015008,"
Ratneshwar Mahadev Temple
","
Known as the leaning temple, the sacred structure has somehow developed a severe nine-degree slant.
"
https://www.atlasobscura.com/places/antilia,19.017615,72.856164,"
Antilia
","
World's most expensive home.
"
https://www.atlasobscura.com/places/gaitore-ki-chhatriyan,26.942997,75.824623,"
Gaitore Ki Chhatriyan
","
Ornate, dome-topped cenotaphs fill this royal crematorium.
"
https://www.atlasobscura.com/places/tiger-cave,12.65708,80.20917,"
Tiger Cave
","
Picnic on the seashore in the footsteps of ancient kings, protected by giant mythical cat beasts.
"
https://www.atlasobscura.com/places/bylakuppe,12.402651,75.98148,"
Bylakuppe
","
The world's largest Tibetan refugee settlement.
"
https://www.atlasobscura.com/places/sidi-saiyyed-mosque,23.027094,72.580833,"
Sidi Saiyyed Mosque
","
This 16th-century mosque is the hallmark of the African architectural legacy in India.
"
https://www.atlasobscura.com/places/tower-of-silence-mumbai,18.961818,72.807148,"
Tower of Silence in Mumbai
","
A Zoroastrian funerary tower where excarnation rituals are carried out is threatened by the area's dwindling vulture population.
"
https://www.atlasobscura.com/places/lonar-lake,19.975506,76.503925,"
Lonar Lake
","
This rare basalt crater lake is used to study the Moon and Mars.
"
https://www.atlasobscura.com/places/pratapgad-fort,17.933508,73.580571,"
Pratapgad Fort
","
This fortress played a key role in the battle that would ultimately give rise to the Maratha Empire.
"
https://www.atlasobscura.com/places/arq-e-gulab,34.083671,74.797282,"
Arq-e-Gulab
","
An old curiosity shop holds on to a centuries-old tradition of manually-distilled rose water.
"
https://www.atlasobscura.com/places/loktak-lake,24.559338,93.814653,"
Loktak Lake
","
The largest freshwater lake in northeast India is also the only floating national park in the world.
"
https://www.atlasobscura.com/places/india-gate-canopy,28.612912,77.22951,"
India Gate Canopy
","
The mysterious empty cupola behind the monumental arch points to an ancient prophecy of Delhi.
"
https://www.atlasobscura.com/places/gilbert-hill,19.120572,72.840193,"
Gilbert Hill
","
A 66-million-year-old rock formation stands tall over Mumbai, offering stellar city views.
"
https://www.atlasobscura.com/places/terreti-bazaar,22.573307,88.354801,"
Terreti Bazaar 
","
For just a few hours each morning, this market serves specialties from the city's shrinking Chinese-Indian community.
"
https://www.atlasobscura.com/places/terreti-bazaar,22.573307,88.354801,"
Terreti Bazaar 
","
For just a few hours each morning, this market serves specialties from the city's shrinking Chinese-Indian community.
"
https://www.atlasobscura.com/places/magen-david-synagogue,18.966811,72.831238,"
The Magen David Synagogue
","
In Mumbai, a bright blue synagogue is the largest one for the Baghdadi Jewish community in Asia.
"
https://www.atlasobscura.com/places/alamparai-fort,12.266135,80.010193,"
Alamparai Fort 
","
A once-stately trading fort is now a ruin slowly being consumed by the sea.
"
https://www.atlasobscura.com/places/hogenakkal-falls,12.118266,77.776043,"
Hogenakkal Falls
","
The Kaveri River cuts through the rocky terrain then drops off to form these misty falls.
"
https://www.atlasobscura.com/places/cremation-ghats-of-varanasi,25.310789,83.014084,"
Cremation Ghats of Varanasi 
","
Many Hindus make the long pilgrimage to this holy city to have their remains burned on the banks of the Ganges River.
"
https://www.atlasobscura.com/places/monsoon-palace,24.593274,73.639233,"
Monsoon Palace
","
This magical place built as an astronomical center starred as a James Bond villain's lair.
"
https://www.atlasobscura.com/places/tashiding-monastery,27.34036,88.250942,"
Tashiding Monastery
","
Miraculous vase predicts the future at this Tibetan Buddhist site in the Himalayas.
"
https://www.atlasobscura.com/places/marwari-horses,27.023804,74.217933,"
Marwari Horses
","
Old and brave breed of warhorses known for their elegant, curved ears.
"
https://www.atlasobscura.com/places/hijron-ka-khanqah,28.517454,77.178212,"
Hijron ka Khanqah
","
This hidden Sufi cemetery is a spiritual monument for India's third gender community.
"
https://www.atlasobscura.com/places/kanyakumari-gandhi-mandapam,8.078908,77.549969,"
Kanyakumari Gandhi Mandapam 
","
This bright pink Gandhi memorial was built so that sunshine hits a specific spot on his birthday.
"
https://www.atlasobscura.com/places/banganga-tank,18.945695,72.793621,"
Banganga Tank
","
Tucked in Mumbai’s wealthiest neighborhood is one of the city’s oldest and most sacred sites: a temple complex believed to house the waters of the Ganges.
"
https://www.atlasobscura.com/places/hanging-pillar-of-lepakshi-veerabhadra-temple,13.801962,77.609309,"
Hanging Pillar of Lepakshi
","
Inside a beautiful Indian temple is a seemingly magical floating pillar that doesn't touch the ground.
"
https://www.atlasobscura.com/places/indira-gandhi-planetarium,26.865011,80.923624,"
Indira Gandhi Planetarium
","
Inside the dome of this gigantic, Saturn-shaped building is one of the largest planetariums in Asia.
"
https://www.atlasobscura.com/places/bijay-mandal,28.54096,77.206492,"
Bijay Mandal 
","
This ruined relic of the medieval city of Jahanpanah is a quiet oasis in the middle of New Delhi.
"
https://www.atlasobscura.com/places/san-thome-basilica,13.033655,80.277814,"
San Thome Basilica
","
This Gothic-style church is reputedly built atop the remains of one of Jesus's apostles.
"
https://www.atlasobscura.com/places/ajam-emba,23.418379,85.317657,"
Ajam Emba
","
This women-run eatery and cooking school is putting India's long-neglected tribal cuisines back on the menu.
"
https://www.atlasobscura.com/places/apatani-tribal-village-ziro,27.59197,93.826241,"
The Apatani Tribal Village of Ziro
","
Hidden in the rain-forests of Arunachal Pradesh in Northeast India lies the village of Ziro, home to the Apatanis.
"
https://www.atlasobscura.com/places/maqtha-art-district,17.418407,78.464119,"
Maqtha Art District 
","
A magical expanse of colorful street murals lies hidden within the quiet neighborhood.
"
https://www.atlasobscura.com/places/jwala-ji-temple-of-kangra,31.875534,76.324363,"
Jwala Ji Temple of Kangra
","
Eternal flame said to be a Hindu Goddesses fiery tounge.
"
https://www.atlasobscura.com/places/the-triveni-sangam-allahabad-india,25.423586,81.886614,"
The Triveni Sangam
","
The world's largest human gathering is held at the confluence of three sacred rivers, one of which is mythical.
"
https://www.atlasobscura.com/places/chambal-river,26.666667,78.95,"
Chambal River
","
An ancient curse kept humans from living on the water, and now it's brimming with rare wildlife and is one of the most pristine rivers in India.
"
https://www.atlasobscura.com/places/amar-shahid-rajaram-meghwals-burial-place,26.297808,73.018474,"
Rajaram Meghwal Burial Place
","
Legend has it a commoner volunteered to be buried alive in the foundation so that the great fortress could be built.
"
https://www.atlasobscura.com/places/narlai-stepwell,25.316748,73.536376,"
Narlai Stepwell
","
Designed to serve primarily the Maharaja, this is an interesting variation on the traditional stepped well.
"
https://www.atlasobscura.com/places/nanda-devi,30.375833,79.970833,"
Nanda Devi
","
One of the tallest mountains in India was closed for years after a botched CIA mission.
"
https://www.atlasobscura.com/places/kardung-la-pass,34.278762,77.60455,"
Kardung La
","
Over 3 miles up in the Himalayas this pass is one of the highest drivable roads in the world.
"
https://www.atlasobscura.com/places/dinosaur-fossil-park-and-museum,23.057029,73.341006,"
Dinosaur Fossil Park and Museum 
","
The village where the park and museum are located is also the third-biggest hatchery of dinosaurs discovered.
"
https://www.atlasobscura.com/places/gomateshvara,12.862395,76.501625,"
Gomateshvara 
","
World's tallest monolithic statue has served as a pilgrimage site since its completion in 993 CE.
"
https://www.atlasobscura.com/places/falaknuma-palace-longest-dining-table,17.33133,78.466171,"
101 Dining Table at Falaknuma Palace
","
Once where royalty entertained guests, this opulent table is now one of the longest in the world.
"
https://www.atlasobscura.com/places/sinhagad-fortress,18.366277,73.755878,"
Sinhagad Fortress
","
This ancient fortress was once the setting for a strange battle won with the help of a lizard.
"
https://www.atlasobscura.com/places/krishnas-butter-ball,12.618136,80.192875,"
Krishna's Butter Ball
","
This precariously balanced boulder is said to be a hunk of stolen butter dropped by the gods.
"
https://www.atlasobscura.com/places/wagah-flag-ceremony-amritsar-punjab,31.604659,74.573087,"
Wagah Flag Ceremony 
","
On the Pakistan-India border the militaries perform an elaborate theater of aggression each and every night.
"
https://www.atlasobscura.com/places/kwan-kung-temple,18.96566,72.846058,"
Kwan Kung Temple
","
The only Chinese temple in Mumbai.
"
https://www.atlasobscura.com/places/statue-of-unity,21.8395,73.719934,"
Statue of Unity
","
The tallest statue in the world is twice the height of the Statue of Liberty.
"
https://www.atlasobscura.com/places/bhimbetka-rock-shelters,22.939546,77.612433,"
Bhimbetka Rock Shelters
","
A giant repository of accidentally discovered cave paintings up to 30,000 years old.
"
https://www.atlasobscura.com/places/body-st-francis-xavier,15.500824,73.911406,"
Body of St. Francis Xavier 
","
Scholar, adventurer, saint, and instigator of the Goa Inquisition.
"
https://www.atlasobscura.com/places/the-mansions-of-kanadukathan-kanadukathan-india,10.174444,78.781494,"
The Mansions of Kanadukathan
","
A collection of crumbling mansions stand as a reminder of a more prosperous time in this Indian village.
"
https://www.atlasobscura.com/places/the-black-hole-of-calcutta,22.554246,88.335874,"
The Black Hole of Calcutta
","
The site of an atrocity that would be used to justify Britain’s conquest of India.
"
https://www.atlasobscura.com/places/fontainhas,15.495672,73.831519,"
Fontainhas
","
This colorful colonial neighborhood in Panjim is one of the only Latin Quarters in Asia.
"
https://www.atlasobscura.com/places/kuda-kallu-of-aryyannur,10.523068,76.222211,"
Kuda-kallu of Aryyannur 
","
Megalithic monuments resembling magic mushrooms.
"
https://www.atlasobscura.com/places/ujala-baoli,22.352742,75.395833,"
Ujala Baoli
","
This magical and eccentric stepwell is a hidden treasure within the ancient fort city of Mandu.
"
https://www.atlasobscura.com/places/the-new-lucky-restaurant-ahmedabad-india,23.0225,72.5714,"
Lucky Restaurant
","
This restaurant is proud to be built atop a burial ground.
"
https://www.atlasobscura.com/places/optical-illusion-at-airavatesvara-temple,10.948385,79.356548,"
Airavatesvara Temple’s Optical Illusion
","
This temple contains what might be the world's oldest optical illusion.
"
https://www.atlasobscura.com/places/mud-statues-of-kumortuli,22.599552,88.362708,"
Mud Statues of Kumortuli 
","
The potters' quarter is packed with artists sculpting clay gods with mud from the sacred Ganges river.
"
https://www.atlasobscura.com/places/gahirmatha-turtle-sanctuary,20.723129,86.863862,"
Gahirmatha Turtle Sanctuary
","
More than 2 million Olive Ridley sea turtles are hatched from this mass nesting ground every year.
"
https://www.atlasobscura.com/places/the-mummy-of-sangha-tenzin-gue-india,32.130073,78.569279,"
Mummy of Sangha Tenzin
","
Buddhist monk remarkably preserved because he started the mummification process while still living.
"
https://www.atlasobscura.com/places/meera-mahal,26.648045,74.033025,"
Meera Mahal
","
This small and unknown museum recounts the life of Mirabai, a remarkable mystic saint of the 16th century.
"
https://www.atlasobscura.com/places/sasbahu-temples,26.223256,78.167927,"
Sasbahu Temples
","
A pair of nearly 1,000-year-old temples profusely covered in meticulous stone carvings.
"
https://www.atlasobscura.com/places/sudha-car-museum,17.356991,78.454407,"
Sudha Cars Museum
","
Camera cars and condom bikes built from scrap and one man's passion.
"
https://www.atlasobscura.com/places/parsi-fire-temple,18.936518,72.835823,"
Mumbai's Parsi Fire Temples
","
The place of worship for Zoroastrians, Mumbai's Parsi fire temples use fire and ash for purification.
"
https://www.atlasobscura.com/places/burma-bazaar,13.092641,80.291818,"
Burma Bazaar
","
A gray market run by Burmese Indians offers a portal to a forgotten period in history.
"
https://www.atlasobscura.com/places/barasingha-deer-kanha-national-park,22.334513,80.611513,"
Barasingha of Kanha National Park
","
This reserve is the only place in the world where you can see the Barasingha swamp deer in the wild.
"
https://www.atlasobscura.com/places/raniji-ki-baori,25.440187,75.639544,"
Raniji ki Baori
","
A small town in Rajasthan has been dubbed the ""City of Stepwells,"" and Raniji ki Baori is the queen.
"
https://www.atlasobscura.com/places/john-hessings-tomb,27.209608,78.00514,"
John Hessing's Tomb
","
Also known as the ""Red Taj Mahal.""
"
https://www.atlasobscura.com/places/lothian-cemetery,28.661271,77.236225,"
Lothian Cemetery
","
Delhi's oldest Christian cemetery is also said to be one of the most haunted in the region.
"
https://www.atlasobscura.com/places/chitradurga-fort,14.216049,76.398913,"
Chitradurga Fort
","
This sprawling stronghold has been at the center of some of South India's bloodiest wars.
"
https://www.atlasobscura.com/places/zamskhang-palace-ruins,34.633301,78.027169,"
Zamskhang Palace Ruins 
","
This abandoned palace and the stupas around it conceal beautiful Buddhist frescoes, statues, and silk paintings.
"
https://www.atlasobscura.com/places/datia-palace,25.673836,78.454236,"
Datia Palace
","
This deserted palace is one of the finest examples of Indo-Islamic architecture in India.
"
https://www.atlasobscura.com/places/cathedral-of-the-most-holy-rosary,22.57862,88.353388,"
Cathedral of the Most Holy Rosary
","
Kolkata’s only Portuguese church has a curious link with chickens.
"
https://www.atlasobscura.com/places/kolkata-pen-hospital,22.563299,88.351407,"
Pen Hospital
","
For more than 70 years, this small shop has been a go-to for Kolkata's fountain pen connoisseurs and collectors.
"
https://www.atlasobscura.com/places/village-of-twins,11.007483,75.908579,"
Village of Twins
","
A village in India with a mysteriously high number of twins.
"
https://www.atlasobscura.com/places/calangute-market-square,15.552825,73.758169,"
Calangute Market Square
","
Known as the ""Queen of Beach Markets,"" Calangute epitomizes Goa's beach flea market scene.
"
https://www.atlasobscura.com/places/athi-varadar-kancheepuram-india,12.819126,79.723874,"
Athi Varadar Idol
","
An effigy of the deity emerges from a temple's water every 40 years.
"
https://www.atlasobscura.com/places/judah-hyam-synagogue,28.603804,77.227525,"
Judah Hyam Synagogue
","
This synagogue is the only place of worship for New Delhi’s small Jewish community.
"
https://www.atlasobscura.com/places/dashrath-manjhi-road,24.877198,85.243035,"
Dashrath Manjhi Road
","
One man single-handedly dug a road right through a mountain after his wife died due to its interference.
"
https://www.atlasobscura.com/places/thiruvalluvar-statue,8.077961,77.554061,"
Thiruvalluvar Statue
","
A towering work of stone and philosophy that was constructed using ancient Hindu science.
"
https://www.atlasobscura.com/places/cherrapunji,25.3,91.7,"
Cherrapunji
","
Known as the wettest place on earth.
"
https://www.atlasobscura.com/places/mukundpura-baoli,27.986742,76.078611,"
Mukundpura Baoli
","
This diminutive yet beautiful local stepwell once yielded enough water to irrigate the lush fields of the village.
"
https://www.atlasobscura.com/places/jama-masjid,23.023893,72.587129,"
Jama Masjid
","
This 15th-century mosque is a beautiful blend of Hindu and Islamic architecture.
"
https://www.atlasobscura.com/places/majuli-worlds-largest-inhabited-river-island,26.947665,94.173756,"
Majuli Island
","
Worlds' largest inhabited river island.
"
https://www.atlasobscura.com/places/visa-balaji-temple,17.358333,78.298611,"
Visa Balaji Temple
","
A centuries-old shrine where Indians pray for U.S. visas.
"
https://www.atlasobscura.com/places/shahi-qila,21.307518,76.236868,"
Shahi Qila
","
A fresco in this magnificent palace is said to have been the first depiction of the Taj Mahal's design.
"
https://www.atlasobscura.com/places/church-of-st-cajetan,15.505597,73.915042,"
Church of St. Cajetan
","
The last remaining colonial-era Italian church in Old Goa.
"
https://www.atlasobscura.com/places/nipponzan-myohoji,22.510748,88.36624,"
Nipponzan Myohoji
","
This overlooked Japanese Buddhist temple is a respite from the bustle of Kolkata.
"
https://www.atlasobscura.com/places/bateshwar-temple-complex,26.425769,78.196357,"
Bateshwar Temple Complex
","
This wonderland of ancient temples has been recently painstakingly reconstructed.
"
https://www.atlasobscura.com/places/karpur-baoli,21.400944,79.335119,"
Karpur Baoli
","
Locals say the water level in this 1,200-year-old tank never goes down.
"
https://www.atlasobscura.com/places/unlock-hundarman-museum-of-memories,34.616693,76.146255,"
Unlock Hundarman Museum of Memories
","
A grassroots collection showcasing personal objects of family members separated by the post-1971 border between India and Pakistan.
"
https://www.atlasobscura.com/places/siachen-glacier,35.419404,77.405417,"
Siachen Glacier
","
This disputed mass of ice is home to the highest battleground on Earth.
"
https://www.atlasobscura.com/places/son-bhandar-caves,25.004161,85.416923,"
Son Bhandar Caves
","
A pair of mysterious, unusually polished cave temples with an ancient gold legend.
"
https://www.atlasobscura.com/places/jatinga-bird-deaths,25.113879,92.943819,"
Jatinga Bird Deaths
","
A small village in India bears witness to the end of birds' lives every September.
"
https://www.atlasobscura.com/places/ramanujan-museum,13.113579,80.290647,"
Ramanujan Museum
","
One-room museum dedicated to India's most enigmatic mathematician.
"
https://www.atlasobscura.com/places/gopalpur-lighthouse,19.256045,84.906711,"
Gopalpur Lighthouse
","
No cyclone yet has been able to topple this rugged Indian lighthouse.
"
https://www.atlasobscura.com/places/bullet-baba-shrine,25.872999,73.181425,"
Bullet Baba Shrine
","
Liquor and flowers mark a holy site for Indian motorcycle riders.
"
https://www.atlasobscura.com/places/shri-dev-vetoba-temple,15.781667,73.674444,"
Shri Dev Vetoba Temple
","
A peculiar idol to the Hindu King of Ghosts demands fine leather footwear in exchange for warding off evil.
"
https://www.atlasobscura.com/places/armenian-church-of-the-holy-nazareth,22.579622,88.351325,"
Armenian Church of the Holy Nazareth
","
This historic complex is home to the oldest Christian grave in Kolkata, India.
"
https://www.atlasobscura.com/places/pataleshwar-caves,18.52694,73.849882,"
Pataleshwar Caves
","
An eighth-century rock-cut cave temple in the middle of Pune.
"
https://www.atlasobscura.com/places/sisupalgarh,20.229383,85.847819,"
Sisupalgarh
","
Built in a perfect square, this archaeological site is one of the largest and best preserved ancient fortifications in India.
"
https://www.atlasobscura.com/places/wooden-bridges-of-bhaderwa,32.981127,75.711405,"
Wooden Bridges of Bhaderwah
","
These bridges were designed to guide the soul on its spiritual journey to heaven.
"
https://www.atlasobscura.com/places/thirparappu-waterfalls,8.391342,77.259429,"
Thirparappu Waterfalls
","
A handmade waterfall in Kanyakumari.
"
https://www.atlasobscura.com/places/the-molai-forest-kokilamukh-india,26.85,94.152222,"
The Molai Forest
","
An Indian forest is being single-handedly planted after its creator was inspired by a slither of dead snakes.
"
https://www.atlasobscura.com/places/afghan-church,18.906452,72.816241,"
Afghan Church
","
A 19th-century church in South Mumbai built to commemorate those who died in the First Anglo-Afghan War and the retreat from Kabul in 1842.
"
https://www.atlasobscura.com/places/jamali-kamali-mosque-and-tomb,28.52089,77.185477,"
Jamali Kamali Mosque and Tomb
","
Visit a haunted Mughal mosque and the tomb of a Sufi saint and his disciple.
"
https://www.atlasobscura.com/places/tomb-of-balban,28.519678,77.18882,"
Tomb of Balban
","
An unassuming tomb houses an important milestone in Indian architectural history.
"
https://www.atlasobscura.com/places/ronald-ross-memorial,22.540889,88.341482,"
Ronald Ross Memorial
","
A monument to the British doctor who connected mosquitoes to malaria.
"
https://www.atlasobscura.com/places/mahakal-mandir,27.047785,88.267912,"
Mahakal Mandir
","
At this unique temple in Darjeeling, Hindu and Buddhist practices co-exist harmoniously.
"
https://www.atlasobscura.com/places/viceroys-arch,15.505759,73.913706,"
Viceroy's Arch
","
When new viceroys were elected, they passed through this arch to cement the title.
"
https://www.atlasobscura.com/places/fort-st-george,13.079644,80.287449,"
Fort St. George
","
The first English fort built in India.
"
https://www.atlasobscura.com/places/ammachi-kottaram,9.572829,76.971673,"
Ammachi Kottaram
","
A former palace designed for the consorts of the Travancore royal dynasty.
"
https://www.atlasobscura.com/places/the-lion-tiger-statues,18.939845,72.835448,"
The Lion & Tiger Statues
","
These animal carvings stand as a representation of India and Britain.
"
https://www.atlasobscura.com/places/dhamek-stupa,25.380029,83.024991,"
Dhamek Stupa
","
A bulky, ancient stupa marks the site of Siddhartha Gautama's seminal Buddhist teaching.
"
https://www.atlasobscura.com/places/church-of-st-augustine,15.500509,73.906462,"
Church of St. Augustine
","
Once considered one of the three great Augustinian churches in the Iberian world.
"
https://www.atlasobscura.com/places/hazarduari-palace-thousand-doors,24.186212,88.268679,"
Hazarduari Palace
","
In the palace with a thousand doors, not all of them are guaranteed to lead you somewhere new.
"
https://www.atlasobscura.com/places/dholavira-a-harrapan-city,23.880888,70.214044,"
Dholavira
","
This archaeological site was once a grand city of the Indus Valley Civilization with a sophisticated system for conserving water.
"
https://www.atlasobscura.com/places/safdarjung-airport,28.584118,77.206054,"
Safdarjung Airport
","
The former Willingdon Airport started operations in 1929, in India's capital, Delhi. Now, it's used for maintenance runs and helicopter rides.
"
https://www.atlasobscura.com/places/baneshwar-cave-temple,18.558837,73.787059,"
Baneshwar Cave Temple
","
A centuries-old Hindu cave temple is tucked away in a quiet suburb.
"
https://www.atlasobscura.com/places/mahadji-shinde-chhatri,18.491568,73.897286,"
Mahadji Shinde Chhatri
","
A magnificent work of architecture designed to honor a former military leader.
"
https://www.atlasobscura.com/places/keshava-temple-somanathapura-india,12.275803,76.882185,"
Keshava Temple
","
An astounding 13th-century architectural and historical achievement
"
https://www.atlasobscura.com/places/medak-cathedral,18.05372,78.267103,"
CSI Medak Cathedral
","
The single largest diocese established on the Asian continent.
"
https://www.atlasobscura.com/places/siliserh-lake,27.526667,76.530037,"
Siliserh Lake
","
In an arid region, this beautiful lake in the Aravalli hills is an unexpected delight.
"
https://www.atlasobscura.com/places/chinese-kali-mandir-temple,22.547651,88.391314,"
Chinese Kali Mandir
","
In Kolkata's China Town, a temple to the Hindu goddess Kali.
"
https://www.atlasobscura.com/places/peshwa-museum,18.49724,73.846902,"
Peshwa Museum
","
A former palace that showcases weapons, jewelry, clothing, furniture, musical instruments, and more from the Peshwa Era.
"
https://www.atlasobscura.com/places/gate-of-the-palace-of-adil-shah,15.505552,73.914198,"
Gate of the Palace of Adil Shah
","
The lone remnant of a 16th-century palace in Old Goa.
"
https://www.atlasobscura.com/places/urbs-prima-in-indis,18.940372,72.834502,"
'Urbs Prima In Indis'
","
Mumbai's angel.
"
https://www.atlasobscura.com/places/old-european-tombs-pune-india,18.522164,73.872102,"
The Old European Tombs
","
These fascinating 19th-century tombs in the center of Pune belong to Europeans who lived in the city in that era.
"
https://www.atlasobscura.com/places/chhatrapati-shivaji-terminus-mumbai,18.94487,72.833672,"
Chhatrapati Shivaji Terminus
","
An architectural marvel that combines Gothic architecture with Indian elements.
"
https://www.atlasobscura.com/places/kothari-pyau,18.938279,72.837004,"
Kothari Pyau
","
Constructed in 1923, this is one of several heritage drinking fountains across Mumbai.
"
https://www.atlasobscura.com/places/vaidya-upahar-gruha,18.517944,73.859363,"
Vaidya Upahar Gruha
","
This legendary restaurant from 1912 continues to delight patrons with its soul-satisfying dishes.
"
https://www.atlasobscura.com/places/himalayan-mountaineering-institute,27.058584,88.253244,"
Himalayan Mountaineering Institute
","
Inside this Darjeeling museum, you can see a pair of boots that once stood at the top of the world.
"
https://www.atlasobscura.com/places/trishund-ganpati-temple,18.521671,73.86184,"
Trishund Ganpati Temple
","
This basalt temple in the center of Pune was built more than 250 years ago.
"
https://www.atlasobscura.com/places/karla-caves,18.783276,73.470443,"
Karla Caves
","
A complex of ancient Buddhist rock-cut caves with a large, well preserved prayer hall.
"
https://www.atlasobscura.com/places/chaukhandi-stupa,25.37402,83.023588,"
Chaukhandi Stupa
","
The octagonal tower at this important Buddhist site was added many years after the temple's initial construction.
"
https://www.atlasobscura.com/places/katra-masjid,24.184853,88.287673,"
Katra Masjid
","
This 18th-century complex has served as a mosque, mausoleum, and one of the largest caravanserais in India.
"
https://www.atlasobscura.com/places/baramotichi-vihir,17.779341,73.997695,"
Baramotichi Vihir
","
This ancient well once held a top-secret royal meeting chamber.
"
https://www.atlasobscura.com/places/feroz-shah-kotla-india,28.634963,77.242693,"
Feroz Shah Kotla
","
The ruins of a medieval citadel believed to be haunted by a ministry of wish-granting djinns.
"
https://www.atlasobscura.com/places/thotlakonda-visakhapatnam-india,17.828513,83.409175,"
Thotlakonda
","
These hilltop ruins of a forgotten Buddhist monastery flourished in Antiquity from trade with the Roman Empire.
"
https://www.atlasobscura.com/places/fort-george-mumbai,18.941237,72.838489,"
Fort George
","
An 18th-century fort in the business district of Mumbai.
"
https://www.atlasobscura.com/places/arikamedu,11.901216,79.820123,"
Arikamedu
","
The best-preserved Roman site in India.
"
https://www.atlasobscura.com/places/ruttonsee-muljee-jetha-fountain,18.935598,72.837143,"
Ruttonsee Muljee Jetha Fountain
","
A drinking water fountain in the heart of Mumbai, built by a father in memory of his son.
"
https://www.atlasobscura.com/places/pul-kanjri,31.606522,74.604906,"
Pul Kanjri
","
Built by Maharaja Ranjit Singh, this location was used as a resting place for his troops.
"
https://www.atlasobscura.com/places/pune-okayama-friendship-garden,18.491403,73.837727,"
Pune Okayama Friendship Garden
","
Believed to be the largest Japanese garden in the world outside of Japan.
"
https://www.atlasobscura.com/places/parvati-hill-cave,18.496491,73.847524,"
Parvati Hill Cave
","
The caves are the oldest surviving structures in the city of Pune.
"
https://www.atlasobscura.com/places/bomanjee-hormarjee-wadia-clock-tower,18.934298,72.835847,"
Bomanjee Hormarjee Wadia Clock Tower
","
A heritage structure designed in 1882 honors a Parsi philanthropist.
"
https://www.atlasobscura.com/places/statue-of-aryabhata,18.559305,73.82532,"
Statue of Aryabhata 
","
A tribute to the creator of the present day Hindu number system.
"
https://www.atlasobscura.com/places/mural-jewish-indian-actresses,28.63042,77.217722,"
Tribute to Jewish-Indian Actresses
","
These murals celebrate the oft-overlooked legacies of Iraqi-Jewish actresses in Bollywood.
"
https://www.atlasobscura.com/places/namak-haram-deorhi,24.200852,88.264476,"
Namak Haram Deorhi
","
Known as the ""Traitor's Gate.""
"
https://www.atlasobscura.com/places/ghorpade-ghat,18.522904,73.855005,"
Ghorpade Ghat
","
A set of stairs leading down to the Mutha River sits by the foundations of a former temple.
"
https://www.atlasobscura.com/places/zakoba-temple,18.503152,73.797296,"
Zakoba Temple
","
An ancient temple in the middle of a residential neighborhood encapsulated by a beautiful tree.
"
https://www.atlasobscura.com/places/grave-of-alexander-csoma-de-koros,27.052242,88.25922,"
Grave of Alexander Csoma de Kőrös
","
The Hungarian linguistics expert who wrote the first Tibetan–English dictionary was laid to rest in a remote Indian cemetery.
"
https://www.atlasobscura.com/places/grave-of-alice-richman,18.551618,73.826985,"
The Grave of Alice Richman
","
In the middle of a peaceful campus garden lies a lone grave.
"
https://www.atlasobscura.com/places/vishrambaug-wada,18.514099,73.853725,"
Vishrambaug Wada
","
Spread across an area of 20,000 square feet, the grand mansion is a fine example of Peshwa architecture.
"
https://www.atlasobscura.com/places/ancient-nalanda-university,25.136646,85.442275,"
Ancient Nalanda University
","
The ruins of what is considered the world's oldest university.
"
https://www.atlasobscura.com/places/lakaki-lake,18.529503,73.841835,"
Lakaki Lake
","
A peaceful lake garden and nature reserve in the middle of a residential colony in Pune.
"
https://www.atlasobscura.com/places/fitzgerald-fountain,18.943486,72.829338,"
Fitzgerald Fountain
","
A tribute to one of Bombay's former governors that has withstood the test of time.
"
https://www.atlasobscura.com/places/smiths-folly,28.523963,77.186547,"
Smith's Folly
","
This cupola was once seen as an architectural disaster.
"
https://www.atlasobscura.com/places/razia-sultan-tomb-new-delhi-india,28.646414,77.231816,"
Razia Sultan Tomb
","
Delhi's only female ruler is buried in this neglected, forgotten tomb.
"
https://www.atlasobscura.com/places/st-thomas-cathedral,18.9319,72.833685,"
St. Thomas Cathedral
","
Located in the Horniman Circle area, this church marks the historical Zero Point of Mumbai.
"
https://www.atlasobscura.com/places/banyan-tree-arch-pune-india,18.552572,73.825024,"
Banyan Tree Arch
","
An old tree within the university grounds has formed a beautiful archway that looks like a magical portal.
"
https://www.atlasobscura.com/places/bandra-fort,19.041889,72.818359,"
Bandra Fort
","
Designed as a 17th-century watchtower, the former fort is now a popular sunset haunt.
"
https://www.atlasobscura.com/places/raja-ices-india,18.511137,73.853022,"
Raja Ices
","
Pune's oldest ice cream parlor serves scoops in flavors like lemongrass.
"
https://www.atlasobscura.com/places/the-old-water-tower,18.533883,73.85227,"
The Old Water Tower
","
More than a century old, this heritage water tower is located in the middle of the high-rises of Pune.
"
https://www.atlasobscura.com/places/thiba-palace,16.983481,73.311511,"
Thiba Palace
","
This palace was built for the last king of Myanmar.
"
https://www.atlasobscura.com/places/cheraman-juma-masjid,10.212914,76.202465,"
Cheraman Juma Masjid
","
Inside India's oldest mosque, a lamp is said to have burnt for 1,000 years without going out.
"
https://www.atlasobscura.com/places/the-arch-of-conception,15.504515,73.915159,"
The Arch of Conception
","
One of the few surviving gates into Old Goa, the former capital of Portuguese India.
"
https://www.atlasobscura.com/places/church-of-our-lady-of-the-rosary,15.501778,73.904981,"
Church of Our Lady of the Rosary
","
Considered one of the oldest surviving churches in Goa.
"
https://www.atlasobscura.com/places/losel-doll-museum,32.197627,76.358338,"
Losel Doll Museum
","
The art and tradition of Tibetan costumes are preserved through these dolls made by Buddhist monks.
"
https://www.atlasobscura.com/places/reis-magos-fort,15.496409,73.809144,"
Reis Magos Fort
","
A nearly impregnable 16th-century fort is one of Goa's oldest.
"
https://www.atlasobscura.com/places/raja-dinkar-kelkar-museum,18.510685,73.854431,"
Raja Dinkar Kelkar Museum
","
A collection of over 20,000 priceless artifacts collected by a single person over several decades.
"
https://www.atlasobscura.com/places/helena-roerich-memorial-stupa,27.038138,88.460737,"
Memorial Stupa of Helena Roerich
","
Outside a hilltop monastery in India, a monument to a 20th-century Russian mystic.
"
https://www.atlasobscura.com/places/leo-tolstoy-monument-janpath,28.626125,77.219562,"
Leo Tolstoy Monument, Janpath
","
A commemoration of the little-known cultural influence that Tolstoy had on India.
"
https://www.atlasobscura.com/places/statues-of-medici-lions,18.543275,73.884919,"
Statues of Medici Lions
","
Four Medici Lions guard a heritage old stone bridge that was constructed in 1867.
"
https://www.atlasobscura.com/places/har-ki-pauri-haridwar-india,29.957681,78.174084,"
Har Ki Pauri
","
The Hindu god Vishnu is said to have walked at this Hindu pilgrimage site.
"
https://www.atlasobscura.com/places/arai-hill-stone-quarry,18.530422,73.818013,"
ARAI Hill Stone Quarry
","
Natural walking trails around this abandoned hilltop stone quarry offer nature enthusiasts fantastic views of the city.
"
https://www.atlasobscura.com/places/world-war-i-memorial,18.523995,73.870136,"
World War I Memorial
","
An obelisk designed in memory of the soldiers from the city and district who fought in The Great War.
"
https://www.atlasobscura.com/places/shree-ganesh-darshan-museum,18.500884,73.852793,"
Shree Ganesh Darshan Museum
","
Located within a temple complex, this museum has a fantastic collection of around 500 idols of Lord Ganesh.
"
https://www.atlasobscura.com/places/nana-wada,18.518458,73.855919,"
Nana Wada
","
A combination of Peshwa and British Gothic Revival architecture.
"
https://www.atlasobscura.com/places/arulmigu-kulasai-mutharamman-temple-india,8.400448,78.05383,"
Arulmigu Kulasai Mutharamman Temple
","
Every year, massive crowds flock to this 300-year-old temple to celebrate a unique, goddess-centric Hindu festival.
"
https://www.atlasobscura.com/places/cafe-goodluck-pune,18.517323,73.841501,"
Café Goodluck
","
This local institution has been serving Parsi staples since 1935.
"
https://www.atlasobscura.com/places/port-trust-war-memorial,18.934016,72.840139,"
Port Trust War Memorial
","
A sandstone lamp post in Mumbai's business district honors the war efforts of the Port Trust and its employees who fell during World War I.
"
https://www.atlasobscura.com/places/underground-tunnel-at-mastani-lake,18.420076,73.997733,"
Underground Tunnel at Mastani Lake
","
Once a passageway that led to the Shaniwar Wada palace fort.
"
https://www.atlasobscura.com/places/the-wall-of-amer,26.985026,75.854547,"
The Wall of Amer
","
An ancient wall in the shadows of the Amber Castle.
"
https://www.atlasobscura.com/places/statue-of-jhalkaribai,27.163479,78.003727,"
Statue of Jhalkaribai
","
Dedicated to the life of a brave woman soldier.
"
https://www.atlasobscura.com/places/sapindya-mahadev-temple,18.522604,73.856864,"
Sapindya Mahadev Temple
","
An ancient temple of Lord Shiva was rediscovered in an excavation in 2003.
"
https://www.atlasobscura.com/places/narayan-darwaja,18.518587,73.855289,"
Narayan Darwaja
","
One of the five gates into the fortress of to Shaniwar Wada was renamed to commemorate the 10th Peshwa of the Maratha Empire.
"
https://www.atlasobscura.com/places/ghanta-ghar-clock-tower,26.295086,73.02403,"
Ghanta Ghar
","
The clock tower is a prominent landmark in the bustling commercial hub in the heart of Jodhpur, showcasing intricate architecture and cultural significance.
"
https://www.atlasobscura.com/places/nagarkar-wada,18.517743,73.857896,"
Nagarkar Wada
","
A 19th-century mansion with a Gothic entrance in the center of Pune.
"
https://www.atlasobscura.com/places/army-navy-building,18.927915,72.830993,"
Army & Navy Building
","
This 19th-century heritage building once housed a department store that supplied British provisions in the city.
"
https://www.atlasobscura.com/places/ohel-david-synagogue,18.519274,73.874652,"
Ohel David Synagogue
","
Said to be the largest synagogue built in India.
"
https://www.atlasobscura.com/places/pune-nagar-vachan-mandir,18.515543,73.856045,"
Pune Nagar Vachan Mandir
","
The oldest library in Pune.
"
https://www.atlasobscura.com/places/ima-mothers-market,24.807245,93.934063,"
Ima Market
","
Established in the 16th century, this ""mother's market"" is run entirely by women.
"
https://www.atlasobscura.com/places/the-statue-of-bajirao-peshwa,18.520655,73.855312,"
The Statue of Bajirao Peshwa
","
Dedicated to one of the greatest military minds of the Maratha Empire.
"
https://www.atlasobscura.com/places/the-memorial-of-nanasaheb-peshwa,18.512016,73.842494,"
The Memorial of Nanasaheb Peshwa
","
A tribute to the man who helped develop Pune.
"
https://www.atlasobscura.com/places/crypt-at-se-cathedral,15.503877,73.912192,"
Crypt at Se Cathedral
","
A mysterious burial crypt that was rediscovered inside a cathedral in Velha Goa.
"
https://www.atlasobscura.com/places/old-womans-shoe-mumbai,18.955654,72.805718,"
Old Woman’s Shoe
","
A gigantic shoe, inspired by a nursery rhyme, sits in a park atop Mumbai’s Malabar Hill.
"
https://www.atlasobscura.com/places/hissar-fort-stairs-pune,18.521077,73.855736,"
Hissar Fort Stairs
","
One of the last few remnants of an ancient fort which once stood in the oldest area of Pune.
"
https://www.atlasobscura.com/places/twelve-pounder-howitzer,18.52356,73.845424,"
Twelve Pound Howitzer
","
In the courtyard of a popular museum stands a piece of artillery from 1859.
"
https://www.atlasobscura.com/places/maratha-war-memorial,18.517817,73.880592,"
Maratha War Memorial
","
A stone monument dedicated to Indian soldiers who fought and died for the British Indian Army during World War I.
"
https://www.atlasobscura.com/places/anandashram-sanstha,18.515708,73.853897,"
Anandashram Sanstha
","
A historic organization dedicated towards the preservation of Sanskrit texts.
"
https://www.atlasobscura.com/places/great-trigonometrical-survey-zero-stone-pune,18.523039,73.876216,"
Zero Stone of Pune
","
One in a series of historical markers from the massive 19th-century undertaking to map all of India.
"
https://www.atlasobscura.com/places/sevasi-vav,22.318213,73.118801,"
Sevasi Vav
","
This 500-year-old stepwell descends seven levels deep into the ground.
"
https://www.atlasobscura.com/places/old-goa-cemetery,15.501968,73.913171,"
Old Goa Cemetery
","
This cemetery in Velha Goa was once the site of several historical religious buildings.
"
https://www.atlasobscura.com/places/university-tunnel-pune-india,18.553219,73.826183,"
University Tunnel
","
This 300-foot-long underground tunnel was once used to transport food from the kitchen into the main building.
"
https://www.atlasobscura.com/places/kala-ghoda-statue,18.927864,72.831831,"
Kala Ghoda Statue
","
A tribute to the area's namesake and King Edward VII.
"
https://www.atlasobscura.com/places/eran-pillar-of-goparaja,24.084712,78.173584,"
Eran Pillar of Goparaja
","
India's oldest sati stone, attributed to an otherwise unknown king of the ancient Gupta Empire.
"
https://www.atlasobscura.com/places/fort-aguada-jail-museum,15.492665,73.777037,"
Fort Aguada Jail Museum
","
A former prison within a seaside fort has now been turned into an interactive museum.
"
https://www.atlasobscura.com/places/museum-of-christian-art-velha-goa-india,15.5011,73.906977,"
Museum of Christian Art
","
Located within a 17th-century convent, this museum features centuries-old Christian art pieces that meld European and Asian influences.
"
https://www.atlasobscura.com/places/bhausaheb-rangari-bhavan-museum,18.517492,73.85549,"
Bhausaheb Rangari Bhavan Museum
","
A 19th-century house filled with secret trap doors and hidden basements has been turned into a museum.
"
https://www.atlasobscura.com/places/the-nizams-guest-house-pune,18.518664,73.829937,"
The Nizam's Guest House
","
This stately building once housed the office of the university for a brief period of time.
"
https://www.atlasobscura.com/places/pune-s-first-lift,18.529561,73.849118,"
Pune’s First Lift
","
The vintage, artistic cage of the city’s first lift welcomes visitors to an old heritage building.
"
https://www.atlasobscura.com/places/dharohar-national-museum-of-customs-gst,15.501018,73.828241,"
Dharohar: National Museum of Customs & GST
","
A collection of items seized by the Indian Customs have been kept for display at the Old Customs House in Panaji.
"
https://www.atlasobscura.com/places/emblems-of-the-erstwhile-governors,18.553076,73.824593,"
Emblems of the Erstwhile Governors
","
These stone carvings represent the various governors that once ruled Mumbai.
"
https://www.atlasobscura.com/places/parvati-hill-chapha-tree,18.497084,73.846813,"
Parvati Hill Chapha Tree
","
Said to be the oldest tree in Pune.
"
https://www.atlasobscura.com/places/the-modak-the-mount-streetlamps,18.51643,73.856133,"
The Modak and The Mount Street Lamps
","
Artistic streetlamps depicting Lord Ganesh’s favourite food and divine mount around an iconic temple of the deity in the heart of Pune.
"
https://www.atlasobscura.com/places/shree-nageshwar-shiva-temple-pune-india,18.521146,73.863316,"
Shree Nageshwar Shiva Temple
","
This 700-year-old temple is one of the city's oldest.
"
https://www.atlasobscura.com/places/convent-of-the-discalced-carmelites,15.503303,73.917102,"
Convent of the Discalced Carmelites
","
The ruins of a 17th-century Carmelite Convent atop a hill in Old Goa.
"
https://www.atlasobscura.com/places/gate-of-st-pauls-college-goa-india,15.499304,73.9183,"
Gate of St. Paul's College
","
All that remains of a 16th-century Jesuit school is this carved, worn gate.
"
https://www.atlasobscura.com/places/tombstone-of-dona-paula-panaji-goa,15.462909,73.788392,"
Dona Paula's Tombstone
","
Legends of adultery, love affairs, and charity swirl around this mysterious 17th-century Portuguese woman.
"
https://www.atlasobscura.com/places/servants-of-india-society-monument-pune-india,18.524471,73.834441,"
Servants of India Society Monument
","
A hilltop stone monument commemorating the establishment of a historic social welfare organization.
"
https://www.atlasobscura.com/places/blades-of-glory-cricket-museum,18.485722,73.843349,"
Blades of Glory Cricket Museum
","
Believed to be the largest cricket museum in the world.
"
https://www.atlasobscura.com/places/tomb-of-ishtur-phakda,18.742785,73.632384,"
Tomb of Ishtur Phakda
","
The final resting place of a British officer killed during the First Anglo-Maratha War.
"
https://www.atlasobscura.com/places/lal-mahal,18.518743,73.856648,"
Lal Mahal
","
A historic palace in the center of Pune where the founder of the Maratha Empire spent his formative years.
"
https://www.atlasobscura.com/places/the-old-gate-of-vaibhaveshwar-navagraha-temple,18.521068,73.853769,"
The Old Gate of Vaibhaveshwar Navagraha Temple
","
On the Mutha riverbank near the center of Pune stands a centuries-old temple with a fascinating old stone entrance.
"
https://www.atlasobscura.com/places/museum-of-cartoon-art,18.553523,73.824708,"
Museum of Cartoon Art
","
On the university grounds, this unique museum is dedicated to cartoons and their importance in society.
"
https://www.atlasobscura.com/places/the-chapel-of-st-catherine,15.503375,73.910435,"
The Chapel of St. Catherine
","
This chapel was built by Afonso de Albuquerque in 1510 to commemorate his entry into the city of Goa on St. Catherine’s Day.
"
https://www.atlasobscura.com/places/tulshibaug-ram-temple-pune,18.513762,73.855365,"
Tulshibaug Ram Temple
","
The 18th-century temple was once the tallest structure in Pune, and surrounded by a garden of tulsi.
"
https://www.atlasobscura.com/places/maruti-temple,15.490413,73.828328,"
Maruti Temple
","
An iconic temple dedicated to Lord Hanuman resides atop a hill in the heart of Panaji.
"
https://www.atlasobscura.com/places/amruteshwar-siddheshwar-temple-complex,18.520797,73.85353,"
Amruteshwar Siddheshwar Temple Complex
","
A cluster of 18th-century temples with an underground shrine.
"
https://www.atlasobscura.com/places/kirkee-war-cemetery,18.552031,73.856696,"
Kirkee War Cemetery
","
This neatly maintained cemetery honors the sacrifice of the brave soldiers who laid down their lives during World War I and World War II.
"
https://www.atlasobscura.com/places/lighthouse-near-fort-aguada,15.491809,73.772205,"
Fort Aguada Lighthouse 
","
A modern lighthouse near Fort Aguada offers stunning views of the surrounding peninsula.
"
https://www.atlasobscura.com/places/the-letterbox-with-a-crown,18.522844,73.875721,"
The Letterbox With a Crown
","
In the premises of Pune Head Post Office stands a curious letterbox topped with the design of a crown.
"
https://www.atlasobscura.com/places/collection-of-old-engraved-stones,15.502929,73.910552,"
Collection of Old Engraved Stones
","
An open-air collection of historical stones with engravings and inscriptions in Old Goa.
"
https://www.atlasobscura.com/places/university-stone-quarry-lake,18.554785,73.824223,"
University Stone Quarry Lake
","
Now a small lake, stone quarried from this spot was used to build the local university building.
"
https://www.atlasobscura.com/places/chapel-of-our-lady-of-the-mount,15.504469,73.923322,"
Chapel of Our Lady of the Mount
","
This 16th-century hilltop chapel is one of the oldest churches in Old Goa.
"
https://www.atlasobscura.com/places/the-old-archiepiscopal-palace,15.503985,73.911648,"
The Old Archiepiscopal Palace
","
In Old Goa, the former residence of the archbishop now houses a permanent exhibition.
"
https://www.atlasobscura.com/places/convent-of-st-dominic-cross-velha-old-goa-india,15.50515,73.917604,"
The Convent of St. Dominic's Cross
","
The only surviving relic of the abandoned Dominican convent.
"
https://www.atlasobscura.com/places/casa-da-moeda,15.499582,73.832592,"
Casa da Moeda
","
The erstwhile Portuguese Era mint house of Goa.
"
https://www.atlasobscura.com/places/parvati-nandan-ganpati-temple,18.541178,73.829076,"
Parvati Nandan Ganpati Temple
","
This 17th-century temple gave the area of Ganeshkhind its name.
"
https://www.atlasobscura.com/places/ponte-de-linhares-causeway,15.500066,73.846614,"
Ponte de Linhares Causeway
","
Believed to have been the longest bridge in the world when it was completed in 1634.
"
https://www.atlasobscura.com/places/mandovi-memorial-cross,15.5012,73.825085,"
Mandovi Memorial Cross
","
Dedicated to the victims of a tragic ferry disaster in Goa.
"
https://www.atlasobscura.com/places/casa-de-polvora-millstones,15.502829,73.910232,"
Casa de Polvora Millstones
","
The millstones of an ancient Portuguese gunpowder factory have been kept on display at Old Goa.
"
https://www.atlasobscura.com/places/statue-abbe-faria-panaji,15.500746,73.829448,"
Statue of Abbe Faria
","
In the heart of Panaji, a monument to the pioneer of modern hypnotism.
"
https://www.atlasobscura.com/places/gaspar-dias-fort-cannon,15.483419,73.809446,"
Gaspar Dias Fort Cannon
","
This cannon was part of a 16th-century fort near Miramar Beach in Panaji.
"
https://www.atlasobscura.com/places/ribandar-riverside-viewpoint-cross,15.499878,73.887853,"
Ribandar Riverside Viewpoint Cross
","
This cross marks the site of a 16th-century Portuguese gunpowder factory.
"
